accuracy,loss,val_accuracy,val_loss,learning_rate
0.4765061140060425,1.0488767623901367,0.4829210937023163,1.0389002561569214,0.0010000000474974513
0.48254528641700745,1.0332534313201904,0.48351001739501953,1.0358823537826538,0.0010000000474974513
0.490646630525589,1.0251303911209106,0.48881036043167114,1.0291169881820679,0.0010000000474974513
0.49373987317085266,1.0249265432357788,0.5017668008804321,1.0225825309753418,0.0010000000474974513
0.49756959080696106,1.0223236083984375,0.4946996569633484,1.0211055278778076,0.0010000000474974513
